,ipadScreenshotUrls,appletvScreenshotUrls,artworkUrl60,artworkUrl512,artworkUrl100,artistViewUrl,screenshotUrls,supportedDevices,advisories,isGameCenterEnabled,features,kind,trackCensoredName,languageCodesISO2A,fileSizeBytes,sellerUrl,contentAdvisoryRating,averageUserRatingForCurrentVersion,userRatingCountForCurrentVersion,averageUserRating,trackViewUrl,trackContentRating,trackId,trackName,releaseDate,genreIds,formattedPrice,primaryGenreName,isVppDeviceBasedLicensingEnabled,minimumOsVersion,sellerName,currentVersionReleaseDate,releaseNotes,primaryGenreId,currency,description,artistId,artistName,genres,price,bundleId,version,wrapperType,userRatingCount
0,"https://is5-ssl.mzstatic.com/image/thumb/Purple113/v4/0c/d2/f0/0cd2f0fb-3f9b-97e6-f0bc-752d0ec84b79/pr_source.png/576x768bb.png, https://is1-ssl.mzstatic.com/image/thumb/Purple123/v4/37/3b/ed/373bed29-abb8-827b-c1e0-1ae2a8ca4244/pr_source.png/576x768bb.png, https://is5-ssl.mzstatic.com/image/thumb/Purple123/v4/50/0a/83/500a8306-0204-fe71-5d3f-0fc58603606a/pr_source.png/576x768bb.png, https://is1-ssl.mzstatic.com/image/thumb/Purple123/v4/90/54/66/9054662b-899f-fea0-9d76-ba7e66be0485/pr_source.png/576x768bb.png, https://is4-ssl.mzstatic.com/image/thumb/Purple113/v4/b0/34/6d/b0346d3c-7b17-30b7-2dc7-5b90012e1834/pr_source.png/576x768bb.png, https://is2-ssl.mzstatic.com/image/thumb/Purple123/v4/98/a4/ae/98a4ae2a-b0e7-dd6f-5c47-95e78a3df779/pr_source.png/576x768bb.png",,https://is1-ssl.mzstatic.com/image/thumb/Purple113/v4/3f/f9/ca/3ff9ca12-106d-469d-9294-0f8c0d85bb24/source/60x60bb.jpg,https://is1-ssl.mzstatic.com/image/thumb/Purple113/v4/3f/f9/ca/3ff9ca12-106d-469d-9294-0f8c0d85bb24/source/512x512bb.jpg,https://is1-ssl.mzstatic.com/image/thumb/Purple113/v4/3f/f9/ca/3ff9ca12-106d-469d-9294-0f8c0d85bb24/source/100x100bb.jpg,https://apps.apple.com/us/developer/walmart/id338137230?uo=4,"https://is2-ssl.mzstatic.com/image/thumb/Purple123/v4/0b/f8/ae/0bf8ae8f-ccd1-7ba6-a516-d1bfc89701a1/pr_source.jpg/392x696bb.jpg, https://is5-ssl.mzstatic.com/image/thumb/Purple113/v4/1b/3e/f5/1b3ef573-6962-adcb-9ab8-ce7a6348bcab/pr_source.jpg/392x696bb.jpg, https://is2-ssl.mzstatic.com/image/thumb/Purple123/v4/1d/f5/56/1df5561d-2764-8558-f46a-98f4b0dfe69b/pr_source.jpg/392x696bb.jpg, https://is3-ssl.mzstatic.com/image/thumb/Purple123/v4/04/07/b3/0407b3c6-bd80-a90e-454d-1a7e9180910b/pr_source.jpg/392x696bb.jpg, https://is2-ssl.mzstatic.com/image/thumb/Purple123/v4/36/53/f9/3653f9d7-d010-02c5-d71e-114d90e829b2/pr_source.jpg/392x696bb.jpg, https://is4-ssl.mzstatic.com/image/thumb/Purple123/v4/cb/99/a8/cb99a8e4-6bf3-27fe-4d79-bca9f4c36247/pr_source.jpg/392x696bb.jpg, https://is4-ssl.mzstatic.com/image/thumb/Purple123/v4/ea/c0/94/eac09431-e57c-2f31-103c-042eac7331d5/pr_source.jpg/392x696bb.jpg, https://is1-ssl.mzstatic.com/image/thumb/Purple113/v4/3a/4a/d9/3a4ad992-508b-abfc-3ab3-0f5de9cf13eb/pr_source.jpg/392x696bb.jpg, https://is2-ssl.mzstatic.com/image/thumb/Purple123/v4/71/11/50/7111504d-d551-fe11-b5c6-dc13ac206562/pr_source.jpg/392x696bb.jpg, https://is2-ssl.mzstatic.com/image/thumb/Purple113/v4/2f/f4/72/2ff4729c-7218-a909-ced1-a527fdfa4cd0/pr_source.jpg/392x696bb.jpg","iPadMiniRetina-iPadMiniRetina, iPodTouchSeventhGen-iPodTouchSeventhGen, iPodTouchSixthGen-iPodTouchSixthGen, iPhone5s-iPhone5s, iPadProSecondGenCellular-iPadProSecondGenCellular, iPadMini3Cellular-iPadMini3Cellular, iPadPro97-iPadPro97, iPad612-iPad612, iPhone8Plus-iPhone8Plus, iPad611-iPad611, iPadAir2Cellular-iPadAir2Cellular, iPhone7-iPhone7, iPhoneXR-iPhoneXR, iPadAir3-iPadAir3, iPadProFourthGen-iPadProFourthGen, iPad834-iPad834, iPhoneSE-iPhoneSE, iPadProCellular-iPadProCellular, iPhoneSESecondGen-iPhoneSESecondGen, iPadPro-iPadPro, iPad72-iPad72, iPad856-iPad856, iPadMini5-iPadMini5, iPadMini3-iPadMini3, iPhoneXSMax-iPhoneXSMax, iPadMiniRetinaCellular-iPadMiniRetinaCellular, iPadProFourthGenCellular-iPadProFourthGenCellular, iPadPro97Cellular-iPadPro97Cellular, iPhone8-iPhone8, iPhoneX-iPhoneX, iPad812-iPad812, iPhone11-iPhone11, iPadSeventhGenCellular-iPadSeventhGenCellular, iPad74-iPad74, iPhoneXS-iPhoneXS, iPadMini4-iPadMini4, iPad878-iPad878, iPadSeventhGen-iPadSeventhGen, iPadAir2-iPadAir2, iPhone6s-iPhone6s, iPad73-iPad73, iPad76-iPad76, iPadAir3Cellular-iPadAir3Cellular, iPhone6Plus-iPhone6Plus, iPadMini4Cellular-iPadMini4Cellular, iPadAirCellular-iPadAirCellular, iPad75-iPad75, iPhone7Plus-iPhone7Plus, iPhone11ProMax-iPhone11ProMax, iPadProSecondGen-iPadProSecondGen, iPhone6-iPhone6, iPadMini5Cellular-iPadMini5Cellular, iPad71-iPad71, iPhone11Pro-iPhone11Pro, iPadAir-iPadAir, iPhone6sPlus-iPhone6sPlus",,False,iosUniversal,software,Walmart - shopping & grocery,EN,286103552,http://www.walmart.com/cp/Walmart-Mobile-App/1087865#appleiOS,4+,4.702,794347,4.702,https://apps.apple.com/us/app/walmart-shopping-grocery/id338137227?uo=4,4+,338137227,Walmart - shopping & grocery,2009-11-02T08:00:00Z,"6024, 6012",Free,Shopping,True,11.0,Walmart,2020-05-29T18:21:05Z,"This version contains stability fixes, making your shopping experience more seamless.",6024,USD,"The whole store and more, now at your fingertips.  

Our award-winning shopping app helps you save time and money.  

Shop anytime, anywhere
• Millions of items available with free delivery or store pickup.  
• Easily re-order favorite items purchased online or in-store with just a few taps.  
• Order, transfer, and track prescriptions and refills.  
• Find, create, and manage a baby registry.  
• Transfer money without the long wait or the paperwork with Express Money Services.  
• Free delivery on eligible orders $35 and up.

Smart in-store shopping   
• Save time shopping at your local Walmart with store assistant.  
• Use Walmart Pay for touch-free checkout. 
• Quickly locate items and Rollbacks with store maps.    
• Create and share shopping lists.

Fresh groceries and more  
• Choose grocery delivery or curbside pickup.  
• Reserve a time that best works for you.  
• We’ll do the grocery shopping.  
• No markups or hidden fees. 

Do Not Sell My Personal Information.
Please scroll down to the footer of our Privacy Policy below to find the ""Do Not Sell My Personal Information"" link
https://corporate.walmart.com/privacy-security",338137230,Walmart,"Shopping, Lifestyle",0.0,com.walmart.electronics,20.21,software,794347
0,,,https://is1-ssl.mzstatic.com/image/thumb/Purple123/v4/87/0c/c5/870cc5a4-af38-64e7-cf33-25b25f1d7cd9/source/60x60bb.jpg,https://is1-ssl.mzstatic.com/image/thumb/Purple123/v4/87/0c/c5/870cc5a4-af38-64e7-cf33-25b25f1d7cd9/source/512x512bb.jpg,https://is1-ssl.mzstatic.com/image/thumb/Purple123/v4/87/0c/c5/870cc5a4-af38-64e7-cf33-25b25f1d7cd9/source/100x100bb.jpg,https://apps.apple.com/us/developer/walmart/id338137230?uo=4,"https://is1-ssl.mzstatic.com/image/thumb/Purple113/v4/07/7d/33/077d338a-9fd7-c77f-1dce-14026ef9eb8e/mzl.hvhezopt.png/392x696bb.png, https://is5-ssl.mzstatic.com/image/thumb/Purple123/v4/96/d8/5c/96d85ccd-271b-728f-401a-4a8db2e0490b/mzl.fyfpdsrz.png/392x696bb.png, https://is1-ssl.mzstatic.com/image/thumb/Purple113/v4/77/fb/d7/77fbd781-f9fe-3325-1231-27e7a1876146/mzl.crqzhhpm.png/392x696bb.png, https://is2-ssl.mzstatic.com/image/thumb/Purple123/v4/ac/5f/4e/ac5f4e02-d616-cf97-619c-acafddf3f6f8/mzl.cibxhmqh.png/392x696bb.png, https://is4-ssl.mzstatic.com/image/thumb/Purple113/v4/2c/77/59/2c775975-a9d0-9c52-ea6d-3bab805433d8/mzl.gvyqsgdp.png/392x696bb.png","iPadMiniRetina-iPadMiniRetina, iPhone5c-iPhone5c, iPadMini-iPadMini, iPodTouchSeventhGen-iPodTouchSeventhGen, iPodTouchSixthGen-iPodTouchSixthGen, iPhone5s-iPhone5s, iPadProSecondGenCellular-iPadProSecondGenCellular, iPadMini3Cellular-iPadMini3Cellular, iPadPro97-iPadPro97, iPad612-iPad612, iPhone8Plus-iPhone8Plus, iPad611-iPad611, iPadAir2Cellular-iPadAir2Cellular, iPhone7-iPhone7, iPhoneXR-iPhoneXR, iPadAir3-iPadAir3, iPhone4S-iPhone4S, iPadProFourthGen-iPadProFourthGen, iPad834-iPad834, iPhoneSE-iPhoneSE, iPadProCellular-iPadProCellular, iPhoneSESecondGen-iPhoneSESecondGen, iPadPro-iPadPro, iPad72-iPad72, iPad856-iPad856, iPadMini5-iPadMini5, iPadMini3-iPadMini3, iPhoneXSMax-iPhoneXSMax, iPadMiniRetinaCellular-iPadMiniRetinaCellular, iPadProFourthGenCellular-iPadProFourthGenCellular, Watch4-Watch4, iPodTouchFifthGen-iPodTouchFifthGen, iPadPro97Cellular-iPadPro97Cellular, iPhone8-iPhone8, iPhoneX-iPhoneX, iPad812-iPad812, iPhone11-iPhone11, iPadSeventhGenCellular-iPadSeventhGenCellular, iPadThirdGen4G-iPadThirdGen4G, iPad74-iPad74, iPhoneXS-iPhoneXS, iPadMini4-iPadMini4, iPad878-iPad878, iPadMini4G-iPadMini4G, iPadSeventhGen-iPadSeventhGen, iPhone5-iPhone5, iPadFourthGen4G-iPadFourthGen4G, iPadAir2-iPadAir2, iPhone6s-iPhone6s, iPad73-iPad73, iPad76-iPad76, iPadAir3Cellular-iPadAir3Cellular, iPhone6Plus-iPhone6Plus, iPadMini4Cellular-iPadMini4Cellular, iPadAirCellular-iPadAirCellular, iPad75-iPad75, iPhone7Plus-iPhone7Plus, iPhone11ProMax-iPhone11ProMax, iPad2Wifi-iPad2Wifi, iPadFourthGen-iPadFourthGen, iPadProSecondGen-iPadProSecondGen, iPhone6-iPhone6, iPadMini5Cellular-iPadMini5Cellular, iPad71-iPad71, Watch5-Watch5, iPad23G-iPad23G, iPadThirdGen-iPadThirdGen, iPhone11Pro-iPhone11Pro, iPadAir-iPadAir, iPhone6sPlus-iPhone6sPlus",,False,,software,My Walmart Schedule,,145040384,,4+,1.86534,2369,1.86534,https://apps.apple.com/us/app/my-walmart-schedule/id1268834984?uo=4,4+,1268834984,My Walmart Schedule,2017-08-16T15:55:22Z,"6007, 6000",Free,Productivity,True,8.1,Walmart,2020-01-17T16:41:20Z,Bug fixes and minor enhancements.,6007,USD,"The My Walmart Schedule App is available for all Managers and Associates in stores using the new My Walmart Schedule system. This app provides visibility into your schedules, approved time off and allows associates to pick up unfilled shifts.

If you have any issues, please contact:
1-700-Walmart (From Store Network during your scheduled hours)",338137230,Walmart,"Productivity, Business",0.0,com.walmart.wfm,25.0.11,software,2369
0,"https://is5-ssl.mzstatic.com/image/thumb/Purple113/v4/20/5f/71/205f718b-9a0f-419a-bbbb-51f5f90f4d89/pr_source.png/576x768bb.png, https://is1-ssl.mzstatic.com/image/thumb/Purple123/v4/a8/c1/1f/a8c11fad-8aae-e7cb-d03f-0902bcc1eadd/pr_source.png/576x768bb.png, https://is2-ssl.mzstatic.com/image/thumb/Purple123/v4/43/32/d2/4332d2bc-138d-9ae7-ad9c-c5784bb3988b/pr_source.png/576x768bb.png, https://is4-ssl.mzstatic.com/image/thumb/Purple123/v4/98/42/e6/9842e671-62b1-f2fa-cb1c-0ef38b7eb432/pr_source.png/576x768bb.png, https://is1-ssl.mzstatic.com/image/thumb/Purple113/v4/0c/a4/08/0ca408b1-7cef-f6bc-01d4-e32c5fcb352f/pr_source.png/576x768bb.png",,https://is2-ssl.mzstatic.com/image/thumb/Purple113/v4/60/6e/ac/606eac0c-efa0-4a4e-f2e2-8410a22a8478/source/60x60bb.jpg,https://is2-ssl.mzstatic.com/image/thumb/Purple113/v4/60/6e/ac/606eac0c-efa0-4a4e-f2e2-8410a22a8478/source/512x512bb.jpg,https://is2-ssl.mzstatic.com/image/thumb/Purple113/v4/60/6e/ac/606eac0c-efa0-4a4e-f2e2-8410a22a8478/source/100x100bb.jpg,https://apps.apple.com/us/developer/walmart/id338137230?uo=4,"https://is2-ssl.mzstatic.com/image/thumb/Purple123/v4/b2/83/7d/b2837dc7-4eaa-dcb8-014d-101f78851fd6/pr_source.png/392x696bb.png, https://is5-ssl.mzstatic.com/image/thumb/Purple123/v4/5d/ec/d0/5decd0c4-521e-11de-3a45-3a91cb64bebf/pr_source.png/392x696bb.png, https://is2-ssl.mzstatic.com/image/thumb/Purple123/v4/89/6f/60/896f6069-189e-f05b-760f-ecdf3f59610c/pr_source.png/392x696bb.png, https://is1-ssl.mzstatic.com/image/thumb/Purple123/v4/8a/0d/8a/8a0d8a6d-aafe-7302-d627-3ca68437d6d3/pr_source.png/392x696bb.png, https://is4-ssl.mzstatic.com/image/thumb/Purple113/v4/c4/00/9e/c4009e23-53c2-a062-c345-5c34f4c74f67/pr_source.png/392x696bb.png","iPadMiniRetina-iPadMiniRetina, iPodTouchSeventhGen-iPodTouchSeventhGen, iPodTouchSixthGen-iPodTouchSixthGen, iPhone5s-iPhone5s, iPadProSecondGenCellular-iPadProSecondGenCellular, iPadMini3Cellular-iPadMini3Cellular, iPadPro97-iPadPro97, iPad612-iPad612, iPhone8Plus-iPhone8Plus, iPad611-iPad611, iPadAir2Cellular-iPadAir2Cellular, iPhone7-iPhone7, iPhoneXR-iPhoneXR, iPadAir3-iPadAir3, iPadProFourthGen-iPadProFourthGen, iPad834-iPad834, iPhoneSE-iPhoneSE, iPadProCellular-iPadProCellular, iPhoneSESecondGen-iPhoneSESecondGen, iPadPro-iPadPro, iPad72-iPad72, iPad856-iPad856, iPadMini5-iPadMini5, iPadMini3-iPadMini3, iPhoneXSMax-iPhoneXSMax, iPadMiniRetinaCellular-iPadMiniRetinaCellular, iPadProFourthGenCellular-iPadProFourthGenCellular, iPadPro97Cellular-iPadPro97Cellular, iPhone8-iPhone8, iPhoneX-iPhoneX, iPad812-iPad812, iPhone11-iPhone11, iPadSeventhGenCellular-iPadSeventhGenCellular, iPad74-iPad74, iPhoneXS-iPhoneXS, iPadMini4-iPadMini4, iPad878-iPad878, iPadSeventhGen-iPadSeventhGen, iPadAir2-iPadAir2, iPhone6s-iPhone6s, iPad73-iPad73, iPad76-iPad76, iPadAir3Cellular-iPadAir3Cellular, iPhone6Plus-iPhone6Plus, iPadMini4Cellular-iPadMini4Cellular, iPadAirCellular-iPadAirCellular, iPad75-iPad75, iPhone7Plus-iPhone7Plus, iPhone11ProMax-iPhone11ProMax, iPadProSecondGen-iPadProSecondGen, iPhone6-iPhone6, iPadMini5Cellular-iPadMini5Cellular, iPad71-iPad71, iPhone11Pro-iPhone11Pro, iPadAir-iPadAir, iPhone6sPlus-iPhone6sPlus",,False,iosUniversal,software,Me@Walmart,EN,22636544,,4+,2.61809,597,2.61809,https://apps.apple.com/us/app/me-walmart/id1459898418?uo=4,4+,1459898418,Me@Walmart,2019-11-14T08:00:00Z,"6000, 6007",Free,Business,True,11.0,Walmart,2020-05-16T16:32:19Z,Minor enhancements and bug fixes.,6000,USD,"The Me@Walmart App is available for all Associates in stores using the My Walmart Schedule system. To use this app, you must be enrolled in two step verification. This app provides visibility into your schedules, all time off requests and allows associates to pick up unfilled shifts.  If you have any issues, please contact:
1-700-Walmart (From Store Network during your scheduled hours)",338137230,Walmart,"Business, Productivity",0.0,com.walmart.squiggly,0.7.3,software,597
0,,,https://is4-ssl.mzstatic.com/image/thumb/Purple113/v4/7b/a0/b6/7ba0b629-ece7-59e0-5ba2-88b8be1367f2/source/60x60bb.jpg,https://is4-ssl.mzstatic.com/image/thumb/Purple113/v4/7b/a0/b6/7ba0b629-ece7-59e0-5ba2-88b8be1367f2/source/512x512bb.jpg,https://is4-ssl.mzstatic.com/image/thumb/Purple113/v4/7b/a0/b6/7ba0b629-ece7-59e0-5ba2-88b8be1367f2/source/100x100bb.jpg,https://apps.apple.com/us/developer/walmart/id338137230?uo=4,"https://is3-ssl.mzstatic.com/image/thumb/Purple113/v4/2f/29/e5/2f29e538-4a6e-2247-5ba2-2619c1230d8c/pr_source.png/392x696bb.png, https://is2-ssl.mzstatic.com/image/thumb/Purple123/v4/41/a3/91/41a39180-523c-0251-5f93-4b44926cb6c3/pr_source.png/392x696bb.png, https://is5-ssl.mzstatic.com/image/thumb/Purple113/v4/e2/29/90/e22990a4-baed-ddcd-a508-98742cffa688/pr_source.png/392x696bb.png, https://is3-ssl.mzstatic.com/image/thumb/Purple113/v4/13/45/a3/1345a3e6-9f5e-10af-75b8-496a01b613f0/pr_source.png/392x696bb.png, https://is3-ssl.mzstatic.com/image/thumb/Purple113/v4/00/c7/23/00c72347-ba76-1899-304f-51edfcd65e19/pr_source.png/392x696bb.png","iPadMiniRetina-iPadMiniRetina, iPodTouchSeventhGen-iPodTouchSeventhGen, iPodTouchSixthGen-iPodTouchSixthGen, iPhone5s-iPhone5s, iPadProSecondGenCellular-iPadProSecondGenCellular, iPadMini3Cellular-iPadMini3Cellular, iPadPro97-iPadPro97, iPad612-iPad612, iPhone8Plus-iPhone8Plus, iPad611-iPad611, iPadAir2Cellular-iPadAir2Cellular, iPhone7-iPhone7, iPhoneXR-iPhoneXR, iPadAir3-iPadAir3, iPadProFourthGen-iPadProFourthGen, iPad834-iPad834, iPhoneSE-iPhoneSE, iPadProCellular-iPadProCellular, iPhoneSESecondGen-iPhoneSESecondGen, iPadPro-iPadPro, iPad72-iPad72, iPad856-iPad856, iPadMini5-iPadMini5, iPadMini3-iPadMini3, iPhoneXSMax-iPhoneXSMax, iPadMiniRetinaCellular-iPadMiniRetinaCellular, iPadProFourthGenCellular-iPadProFourthGenCellular, iPadPro97Cellular-iPadPro97Cellular, iPhone8-iPhone8, iPhoneX-iPhoneX, iPad812-iPad812, iPhone11-iPhone11, iPadSeventhGenCellular-iPadSeventhGenCellular, iPad74-iPad74, iPhoneXS-iPhoneXS, iPadMini4-iPadMini4, iPad878-iPad878, iPadSeventhGen-iPadSeventhGen, iPadAir2-iPadAir2, iPhone6s-iPhone6s, iPad73-iPad73, iPad76-iPad76, iPadAir3Cellular-iPadAir3Cellular, iPhone6Plus-iPhone6Plus, iPadMini4Cellular-iPadMini4Cellular, iPadAirCellular-iPadAirCellular, iPad75-iPad75, iPhone7Plus-iPhone7Plus, iPhone11ProMax-iPhone11ProMax, iPadProSecondGen-iPadProSecondGen, iPhone6-iPhone6, iPadMini5Cellular-iPadMini5Cellular, iPad71-iPad71, iPhone11Pro-iPhone11Pro, iPadAir-iPadAir, iPhone6sPlus-iPhone6sPlus",,False,,software,Walmart InHome Delivery,EN,91968512,https://inhome.walmart.com,4+,4.60714,56,4.60714,https://apps.apple.com/us/app/walmart-inhome-delivery/id1479784568?uo=4,4+,1479784568,Walmart InHome Delivery,2019-10-21T07:00:00Z,"6023, 6024",Free,Food & Drink,True,11.0,Walmart,2020-05-13T15:38:22Z,Updated information on our delivery safety measures,6023,USD,"Available today in Pittsburgh, Kansas City, and Vero Beach! 

Walmart InHome is a new delivery service that gets the to-dos done. InHome uses smart entry technology to deliver Walmart groceries, household essentials, and prescriptions ordered from the Walmart Grocery app or grocery.walmart.com right into your home. See if your address is eligible and sign up at inhome.walmart.com.  

How to use Walmart InHome: 

• Place your order in Walmart Grocery app (or grocery.walmart.com) and choose ""InHome Delivery"" at checkout 
• For prescriptions, place your order through the Walmart app's Pharmacy section and select ""InHome"" at checkout 

Key Features of the Walmart InHome app: 

• Track the status of your Walmart Grocery & Walmart Pharmacy orders delivered by InHome 
• Watch a video livestream of your orders getting delivered in the app or save for later viewing (up to a week after your delivery is completed) 
• Get notifications at every step of your delivery—including when your order is on its way to your house and when the delivery has finished 
• See the InHome delivery associate who'll deliver your groceries & prescriptions 

Do Not Sell My Personal Information

Please scroll down to the footer of our Privacy Policy below to find the ""Do Not Sell My Personal Information"" link https://corporate.walmart.com/privacy-security",338137230,Walmart,"Food & Drink, Shopping",0.0,com.walmart.inhome,1.0.10,software,56
0,,,https://is2-ssl.mzstatic.com/image/thumb/Purple113/v4/4d/a6/e9/4da6e924-c8e9-7d60-5978-c60261625d67/source/60x60bb.jpg,https://is2-ssl.mzstatic.com/image/thumb/Purple113/v4/4d/a6/e9/4da6e924-c8e9-7d60-5978-c60261625d67/source/512x512bb.jpg,https://is2-ssl.mzstatic.com/image/thumb/Purple113/v4/4d/a6/e9/4da6e924-c8e9-7d60-5978-c60261625d67/source/100x100bb.jpg,https://apps.apple.com/us/developer/walmart/id338137230?uo=4,"https://is2-ssl.mzstatic.com/image/thumb/Purple113/v4/7a/b5/6c/7ab56c65-bce9-30cc-6826-20a35a523e31/mzl.fkfumvts.png/392x696bb.png, https://is5-ssl.mzstatic.com/image/thumb/Purple113/v4/0a/bc/11/0abc112b-e966-9b80-ee39-c13a6c48bae0/mzl.nexvcfhc.png/392x696bb.png, https://is4-ssl.mzstatic.com/image/thumb/Purple123/v4/1f/18/6b/1f186b07-ad5e-3e98-8fdb-c7bd316c007b/mzl.lynokfdd.png/392x696bb.png, https://is1-ssl.mzstatic.com/image/thumb/Purple113/v4/5a/17/2f/5a172f60-f8b7-5120-fa50-087b1b5221f2/mzl.kcxmnzqy.png/392x696bb.png","iPadMiniRetina-iPadMiniRetina, iPhone5c-iPhone5c, iPodTouchSeventhGen-iPodTouchSeventhGen, iPodTouchSixthGen-iPodTouchSixthGen, iPhone5s-iPhone5s, iPadProSecondGenCellular-iPadProSecondGenCellular, iPadMini3Cellular-iPadMini3Cellular, iPadPro97-iPadPro97, iPad612-iPad612, iPhone8Plus-iPhone8Plus, iPad611-iPad611, iPadAir2Cellular-iPadAir2Cellular, iPhone7-iPhone7, iPhoneXR-iPhoneXR, iPadAir3-iPadAir3, iPadProFourthGen-iPadProFourthGen, iPad834-iPad834, iPhoneSE-iPhoneSE, iPadProCellular-iPadProCellular, iPhoneSESecondGen-iPhoneSESecondGen, iPadPro-iPadPro, iPad72-iPad72, iPad856-iPad856, iPadMini5-iPadMini5, iPadMini3-iPadMini3, iPhoneXSMax-iPhoneXSMax, iPadMiniRetinaCellular-iPadMiniRetinaCellular, iPadProFourthGenCellular-iPadProFourthGenCellular, iPadPro97Cellular-iPadPro97Cellular, iPhone8-iPhone8, iPhoneX-iPhoneX, iPad812-iPad812, iPhone11-iPhone11, iPadSeventhGenCellular-iPadSeventhGenCellular, iPad74-iPad74, iPhoneXS-iPhoneXS, iPadMini4-iPadMini4, iPad878-iPad878, iPadSeventhGen-iPadSeventhGen, iPhone5-iPhone5, iPadFourthGen4G-iPadFourthGen4G, iPadAir2-iPadAir2, iPhone6s-iPhone6s, iPad73-iPad73, iPad76-iPad76, iPadAir3Cellular-iPadAir3Cellular, iPhone6Plus-iPhone6Plus, iPadMini4Cellular-iPadMini4Cellular, iPadAirCellular-iPadAirCellular, iPad75-iPad75, iPhone7Plus-iPhone7Plus, iPhone11ProMax-iPhone11ProMax, iPadFourthGen-iPadFourthGen, iPadProSecondGen-iPadProSecondGen, iPhone6-iPhone6, iPadMini5Cellular-iPadMini5Cellular, iPad71-iPad71, iPhone11Pro-iPhone11Pro, iPadAir-iPadAir, iPhone6sPlus-iPhone6sPlus",,False,,software,Walmart ReliOn Life,EN,72973312,,4+,1.89474,95,1.89474,https://apps.apple.com/us/app/walmart-relion-life/id1265714053?uo=4,4+,1265714053,Walmart ReliOn Life,2018-02-02T00:35:32Z,"6020, 6013",Free,Medical,True,10.0,Walmart,2019-10-09T16:20:31Z,"*Several bug fixes, performance and stability improvements",6020,USD,"Our new ReliOn™ Life Patient Mobile App is a free tool for ReliOn™ meter users to track their blood sugar readings, activity, diet, and mood.

You choose what to log and how much detail to add. Add context to your logs with optional note details or share your blood glucose readings with your healthcare provider. Find patterns by digging deeper into your reading history to understand ways to adjust your diabetes management.

ReliOn™ Life is only compatible with the following ReliOn™ blood glucose meters: Premier BLU, Premier VOICE, Confirm, and Prime.",338137230,Walmart,"Medical, Health & Fitness",0.0,com.walmart.relionlife,1.3.0,software,95
0,"https://is4-ssl.mzstatic.com/image/thumb/Purple113/v4/8b/b3/d5/8bb3d5de-5b76-ceca-6526-7e2f2d651af5/pr_source.png/576x768bb.png, https://is4-ssl.mzstatic.com/image/thumb/Purple123/v4/49/e2/c8/49e2c83d-70dc-fc08-6aa8-e4a899998f06/pr_source.png/576x768bb.png, https://is3-ssl.mzstatic.com/image/thumb/Purple113/v4/e7/14/52/e71452a7-8b6d-a3a1-62b0-b7b894ee3045/pr_source.png/576x768bb.png, https://is5-ssl.mzstatic.com/image/thumb/Purple113/v4/0e/e6/96/0ee6966f-edb5-aeaa-1e2a-c7a7c2d08d9f/pr_source.png/576x768bb.png",,https://is2-ssl.mzstatic.com/image/thumb/Purple113/v4/8b/35/ee/8b35eee5-a7a7-90b6-f61a-9b3eccff9070/source/60x60bb.jpg,https://is2-ssl.mzstatic.com/image/thumb/Purple113/v4/8b/35/ee/8b35eee5-a7a7-90b6-f61a-9b3eccff9070/source/512x512bb.jpg,https://is2-ssl.mzstatic.com/image/thumb/Purple113/v4/8b/35/ee/8b35eee5-a7a7-90b6-f61a-9b3eccff9070/source/100x100bb.jpg,https://apps.apple.com/us/developer/walmart/id338137230?uo=4,"https://is3-ssl.mzstatic.com/image/thumb/Purple113/v4/6f/7e/3a/6f7e3aa8-0f19-44a0-91ee-c30c770ac70d/pr_source.png/392x696bb.png, https://is5-ssl.mzstatic.com/image/thumb/Purple123/v4/97/3c/be/973cbe4f-3f97-d1c4-a4cc-cde3550e6cdc/pr_source.png/392x696bb.png, https://is5-ssl.mzstatic.com/image/thumb/Purple123/v4/39/50/af/3950af2c-6944-acfc-3c32-df2fb179f8de/pr_source.png/392x696bb.png, https://is1-ssl.mzstatic.com/image/thumb/Purple123/v4/8d/f4/22/8df42204-a5c7-6445-7f78-7041c66016ae/pr_source.png/392x696bb.png, https://is3-ssl.mzstatic.com/image/thumb/Purple113/v4/66/c6/09/66c6099c-0133-5f3e-ec47-cfb6368e9ab6/pr_source.png/392x696bb.png","iPadMiniRetina-iPadMiniRetina, iPodTouchSeventhGen-iPodTouchSeventhGen, iPodTouchSixthGen-iPodTouchSixthGen, iPhone5s-iPhone5s, iPadProSecondGenCellular-iPadProSecondGenCellular, iPadMini3Cellular-iPadMini3Cellular, iPadPro97-iPadPro97, iPad612-iPad612, iPhone8Plus-iPhone8Plus, iPad611-iPad611, iPadAir2Cellular-iPadAir2Cellular, iPhone7-iPhone7, iPhoneXR-iPhoneXR, iPadAir3-iPadAir3, iPadProFourthGen-iPadProFourthGen, iPad834-iPad834, iPhoneSE-iPhoneSE, iPadProCellular-iPadProCellular, iPhoneSESecondGen-iPhoneSESecondGen, iPadPro-iPadPro, iPad72-iPad72, iPad856-iPad856, iPadMini5-iPadMini5, iPadMini3-iPadMini3, iPhoneXSMax-iPhoneXSMax, iPadMiniRetinaCellular-iPadMiniRetinaCellular, iPadProFourthGenCellular-iPadProFourthGenCellular, iPadPro97Cellular-iPadPro97Cellular, iPhone8-iPhone8, iPhoneX-iPhoneX, iPad812-iPad812, iPhone11-iPhone11, iPadSeventhGenCellular-iPadSeventhGenCellular, iPad74-iPad74, iPhoneXS-iPhoneXS, iPadMini4-iPadMini4, iPad878-iPad878, iPadSeventhGen-iPadSeventhGen, iPadAir2-iPadAir2, iPhone6s-iPhone6s, iPad73-iPad73, iPad76-iPad76, iPadAir3Cellular-iPadAir3Cellular, iPhone6Plus-iPhone6Plus, iPadMini4Cellular-iPadMini4Cellular, iPadAirCellular-iPadAirCellular, iPad75-iPad75, iPhone7Plus-iPhone7Plus, iPhone11ProMax-iPhone11ProMax, iPadProSecondGen-iPadProSecondGen, iPhone6-iPhone6, iPadMini5Cellular-iPadMini5Cellular, iPad71-iPad71, iPhone11Pro-iPhone11Pro, iPadAir-iPadAir, iPhone6sPlus-iPhone6sPlus",,False,iosUniversal,software,Walmart Flip,,108173312,,4+,5.0,9,5.0,https://apps.apple.com/us/app/walmart-flip/id1458550397?uo=4,4+,1458550397,Walmart Flip,2019-04-20T13:08:26Z,6000,Free,Business,True,10.0,Walmart,2020-05-26T11:15:47Z,bug fixes,6000,USD,"With Walmart Flip, Global Sourcing associates can collaborate in real time with Suppliers. Quick access to active conversations with real-time modern communication capabilities allows for users to collaborate effectively and easily. This allows for sharing information at the speed of business. Walmart Flip is designed to be the Walmart Global Sourcing and Supplier Mobile Platform for your daily work. Help the Walmart Flip team Flip the World!",338137230,Walmart,Business,0.0,com.walmart.gs.flip,2.14.2,software,9
0,"https://is1-ssl.mzstatic.com/image/thumb/Purple123/v4/ff/5a/bf/ff5abfb2-b54d-5c17-a706-1fc7384baa3e/mzl.hradqrjq.jpg/552x414bb.jpg, https://is4-ssl.mzstatic.com/image/thumb/Purple123/v4/f6/9f/a7/f69fa778-ec36-1187-9ddb-ac21b28a45b6/mzl.uezqssft.jpg/552x414bb.jpg, https://is1-ssl.mzstatic.com/image/thumb/Purple123/v4/af/c9/48/afc9481a-0ca1-00d2-3ff4-8cd424171663/mzl.phaxbery.jpg/552x414bb.jpg, https://is2-ssl.mzstatic.com/image/thumb/Purple113/v4/d7/54/54/d754548c-ed6b-090d-8540-b4d79dc711dd/mzl.gvgfeorq.jpg/552x414bb.jpg",,https://is5-ssl.mzstatic.com/image/thumb/Purple123/v4/80/30/3e/80303eec-bf20-2541-64de-45973fedcebe/source/60x60bb.jpg,https://is5-ssl.mzstatic.com/image/thumb/Purple123/v4/80/30/3e/80303eec-bf20-2541-64de-45973fedcebe/source/512x512bb.jpg,https://is5-ssl.mzstatic.com/image/thumb/Purple123/v4/80/30/3e/80303eec-bf20-2541-64de-45973fedcebe/source/100x100bb.jpg,https://apps.apple.com/us/developer/walmart/id338137230?uo=4,"https://is3-ssl.mzstatic.com/image/thumb/Purple113/v4/88/2d/79/882d796d-8029-e34b-6b6b-8d3e70a0f84d/mzl.gnnzxkwh.jpg/406x228bb.jpg, https://is1-ssl.mzstatic.com/image/thumb/Purple113/v4/7e/9b/3b/7e9b3ba0-0c95-2d1a-1665-9d2e4cc338d9/mzl.qffyscyy.jpg/406x228bb.jpg, https://is1-ssl.mzstatic.com/image/thumb/Purple113/v4/a8/72/67/a87267a7-c703-ef96-8f06-c8c521873d10/mzl.vqdpiiek.jpg/406x228bb.jpg, https://is3-ssl.mzstatic.com/image/thumb/Purple113/v4/d8/9a/05/d89a05fb-4d0c-b6f3-5afb-c7e5d2c4eee6/mzl.vsvnsgsd.jpg/406x228bb.jpg","iPadMiniRetina-iPadMiniRetina, iPhone5c-iPhone5c, iPadMini-iPadMini, iPodTouchSeventhGen-iPodTouchSeventhGen, iPodTouchSixthGen-iPodTouchSixthGen, iPhone5s-iPhone5s, iPadProSecondGenCellular-iPadProSecondGenCellular, iPadMini3Cellular-iPadMini3Cellular, iPadPro97-iPadPro97, iPad612-iPad612, iPhone8Plus-iPhone8Plus, iPad611-iPad611, iPadAir2Cellular-iPadAir2Cellular, iPhone7-iPhone7, iPhoneXR-iPhoneXR, iPadAir3-iPadAir3, iPhone4S-iPhone4S, iPadProFourthGen-iPadProFourthGen, iPad834-iPad834, iPhoneSE-iPhoneSE, iPadProCellular-iPadProCellular, iPhoneSESecondGen-iPhoneSESecondGen, iPadPro-iPadPro, iPad72-iPad72, iPad856-iPad856, iPadMini5-iPadMini5, iPadMini3-iPadMini3, iPhoneXSMax-iPhoneXSMax, iPadMiniRetinaCellular-iPadMiniRetinaCellular, iPadProFourthGenCellular-iPadProFourthGenCellular, iPodTouchFifthGen-iPodTouchFifthGen, iPadPro97Cellular-iPadPro97Cellular, iPhone8-iPhone8, iPhoneX-iPhoneX, iPad812-iPad812, iPhone11-iPhone11, iPadSeventhGenCellular-iPadSeventhGenCellular, iPadThirdGen4G-iPadThirdGen4G, iPad74-iPad74, iPhoneXS-iPhoneXS, iPadMini4-iPadMini4, iPad878-iPad878, iPadMini4G-iPadMini4G, iPadSeventhGen-iPadSeventhGen, iPhone5-iPhone5, iPadFourthGen4G-iPadFourthGen4G, iPadAir2-iPadAir2, iPhone6s-iPhone6s, iPad73-iPad73, iPad76-iPad76, iPadAir3Cellular-iPadAir3Cellular, iPhone6Plus-iPhone6Plus, iPadMini4Cellular-iPadMini4Cellular, iPadAirCellular-iPadAirCellular, iPad75-iPad75, iPhone7Plus-iPhone7Plus, iPhone11ProMax-iPhone11ProMax, iPad2Wifi-iPad2Wifi, iPadFourthGen-iPadFourthGen, iPadProSecondGen-iPadProSecondGen, iPhone6-iPhone6, iPadMini5Cellular-iPadMini5Cellular, iPad71-iPad71, iPad23G-iPad23G, iPadThirdGen-iPadThirdGen, iPhone11Pro-iPhone11Pro, iPadAir-iPadAir, iPhone6sPlus-iPhone6sPlus",,False,iosUniversal,software,Spark City,EN,607962112,,4+,3.74194,310,3.74194,https://apps.apple.com/us/app/spark-city/id1435371389?uo=4,4+,1435371389,Spark City,2018-10-05T11:08:26Z,"6014, 7015, 7017, 6000",Free,Games,True,9.0,Walmart,2019-11-18T15:27:14Z,"Prepare for the greatest challenge yet!
 
In your Deli/Bakery department, you will lead your team to success through multiple challenges. Can you keep the right amount of baked fresh foods to meet needs without wasting any? Can you nail timings and ensure your team is where they are supposed to be when they are supposed to be there?
 
Once you have mastered Deli/Bakery, you’ll be promoted to Assistant Store Manager to tackle coordinating a huge season: Thanksgiving and Black Friday. Help balance the day-to-day tasks to keep the store successful, and complete the work that needs to be done for Black Friday. While the timings are different than real life, the tasks and pressures are real!",6014,USD,"See what it takes to keep shelves filled and customers satisfied in Spark City!
 
In the backroom and on the sales floor, simple yet effective processes help maximize On Shelf Customer Availability and Sales, while keeping the area Clean, Fast and Friendly. A fun, yet informative adventure featuring retail concepts that are actually proven to work.
 
Be in charge of your own area, and see what it takes to achieve successful results in Spark City",338137230,Walmart,"Games, Simulation, Strategy, Business",0.0,com.walmart.sparkcity,1.6.0,software,310
0,"https://is4-ssl.mzstatic.com/image/thumb/Purple118/v4/14/56/ea/1456ea59-a528-f6d1-a02e-ebaea0036923/pr_source.png/576x768bb.png, https://is4-ssl.mzstatic.com/image/thumb/Purple118/v4/7a/86/bc/7a86bc03-812d-01ba-0681-6e6a5ec68b51/pr_source.png/576x768bb.png, https://is3-ssl.mzstatic.com/image/thumb/Purple128/v4/ae/1f/5a/ae1f5af2-5d8b-7138-bb07-eae19e5a6276/pr_source.png/576x768bb.png, https://is5-ssl.mzstatic.com/image/thumb/Purple118/v4/47/a8/24/47a824f6-8c08-6412-0dd5-9afcd20407d3/pr_source.png/576x768bb.png, https://is1-ssl.mzstatic.com/image/thumb/Purple128/v4/5f/52/2e/5f522eb8-2b25-4319-bed4-519f13347b6c/pr_source.png/576x768bb.png",,https://is1-ssl.mzstatic.com/image/thumb/Purple125/v4/82/76/ba/8276bab4-87c6-3321-65ec-6c078c72c22a/source/60x60bb.jpg,https://is1-ssl.mzstatic.com/image/thumb/Purple125/v4/82/76/ba/8276bab4-87c6-3321-65ec-6c078c72c22a/source/512x512bb.jpg,https://is1-ssl.mzstatic.com/image/thumb/Purple125/v4/82/76/ba/8276bab4-87c6-3321-65ec-6c078c72c22a/source/100x100bb.jpg,https://apps.apple.com/us/developer/walmart-transportation-llc/id1288611894?uo=4,"https://is1-ssl.mzstatic.com/image/thumb/Purple128/v4/72/ea/03/72ea03ba-bdf3-941a-3808-d5e21bcf0ac2/pr_source.jpg/392x696bb.jpg, https://is2-ssl.mzstatic.com/image/thumb/Purple128/v4/d0/97/92/d0979261-ab82-3d50-8a63-2d9e25791e62/pr_source.jpg/392x696bb.jpg, https://is2-ssl.mzstatic.com/image/thumb/Purple118/v4/4f/a0/43/4fa0430d-aab7-f8ae-25c2-0c26d4ab2c1c/pr_source.jpg/392x696bb.jpg, https://is3-ssl.mzstatic.com/image/thumb/Purple118/v4/64/29/70/642970b7-06fa-2f91-64ec-7ae9e24241e8/pr_source.jpg/392x696bb.jpg, https://is3-ssl.mzstatic.com/image/thumb/Purple128/v4/b6/bc/0f/b6bc0f03-272f-b321-03aa-262b444ef9b7/pr_source.jpg/392x696bb.jpg","iPadMiniRetina-iPadMiniRetina, iPodTouchSeventhGen-iPodTouchSeventhGen, iPodTouchSixthGen-iPodTouchSixthGen, iPhone5s-iPhone5s, iPadProSecondGenCellular-iPadProSecondGenCellular, iPadMini3Cellular-iPadMini3Cellular, iPadPro97-iPadPro97, iPad612-iPad612, iPhone8Plus-iPhone8Plus, iPad611-iPad611, iPadAir2Cellular-iPadAir2Cellular, iPhone7-iPhone7, iPhoneXR-iPhoneXR, iPadAir3-iPadAir3, iPadProFourthGen-iPadProFourthGen, iPad834-iPad834, iPhoneSE-iPhoneSE, iPadProCellular-iPadProCellular, iPhoneSESecondGen-iPhoneSESecondGen, iPadPro-iPadPro, iPad72-iPad72, iPad856-iPad856, iPadMini5-iPadMini5, iPadMini3-iPadMini3, iPhoneXSMax-iPhoneXSMax, iPadMiniRetinaCellular-iPadMiniRetinaCellular, iPadProFourthGenCellular-iPadProFourthGenCellular, iPadPro97Cellular-iPadPro97Cellular, iPhone8-iPhone8, iPhoneX-iPhoneX, iPad812-iPad812, iPhone11-iPhone11, iPadSeventhGenCellular-iPadSeventhGenCellular, iPad74-iPad74, iPhoneXS-iPhoneXS, iPadMini4-iPadMini4, iPad878-iPad878, iPadSeventhGen-iPadSeventhGen, iPadAir2-iPadAir2, iPhone6s-iPhone6s, iPad73-iPad73, iPad76-iPad76, iPadAir3Cellular-iPadAir3Cellular, iPhone6Plus-iPhone6Plus, iPadMini4Cellular-iPadMini4Cellular, iPadAirCellular-iPadAirCellular, iPad75-iPad75, iPhone7Plus-iPhone7Plus, iPhone11ProMax-iPhone11ProMax, iPadProSecondGen-iPadProSecondGen, iPhone6-iPhone6, iPadMini5Cellular-iPadMini5Cellular, iPad71-iPad71, iPhone11Pro-iPhone11Pro, iPadAir-iPadAir, iPhone6sPlus-iPhone6sPlus",,False,iosUniversal,software,NTransit,EN,18603008,,4+,2.5,4,2.5,https://apps.apple.com/us/app/ntransit/id1288611895?uo=4,4+,1288611895,NTransit,2018-01-03T17:28:08Z,"6000, 6002",Free,Business,True,11.0,Walmart Transportation LLC,2018-06-05T16:09:11Z,Introducing location tracking.,6000,USD,"NTransit® is a quick and simple way for drivers to spend more time driving and less time waiting in line at a distribution center while ensuring the right freight get delivered at the right time.

Available Features
Proof of Delivery – With POD drivers can ensure that the right freight gets unloaded at the right Walmart store. The driver will have the ability to scan pallets as they are unloaded from the trailer and the app will keep track and notify the driver if any pallets that were scanned were not intended for that store.
NTransit is currently only available to drivers whose company has certified with Walmart.  If your company is not currently signed up please have them contact us at walmart.transportation.mobile@gmail.com .",1288611894,Walmart Transportation LLC,"Business, Utilities",0.0,transportation.walmart.nTransit,1.2,software,4
0,,,https://is2-ssl.mzstatic.com/image/thumb/Purple118/v4/eb/44/01/eb4401cb-e6fb-cb38-c00f-e6ab617ef032/source/60x60bb.jpg,https://is2-ssl.mzstatic.com/image/thumb/Purple118/v4/eb/44/01/eb4401cb-e6fb-cb38-c00f-e6ab617ef032/source/512x512bb.jpg,https://is2-ssl.mzstatic.com/image/thumb/Purple118/v4/eb/44/01/eb4401cb-e6fb-cb38-c00f-e6ab617ef032/source/100x100bb.jpg,https://apps.apple.com/us/developer/organization-united-for-respect-at-walmart-our-walmart/id1180122117?uo=4,"https://is2-ssl.mzstatic.com/image/thumb/Purple128/v4/13/03/cf/1303cf9b-f277-457b-cfeb-b47141090e3c/pr_source.jpg/392x696bb.jpg, https://is3-ssl.mzstatic.com/image/thumb/Purple118/v4/2a/4f/83/2a4f8318-102e-e855-cd7b-693d4628b864/pr_source.jpg/392x696bb.jpg, https://is3-ssl.mzstatic.com/image/thumb/Purple128/v4/03/92/69/0392697e-cc33-fc83-09dc-8b6f43b3372f/pr_source.jpg/392x696bb.jpg, https://is4-ssl.mzstatic.com/image/thumb/Purple118/v4/66/48/59/66485954-86eb-5bc0-6914-cfde82b79e9b/pr_source.jpg/392x696bb.jpg, https://is4-ssl.mzstatic.com/image/thumb/Purple128/v4/d5/bb/f5/d5bbf567-5b24-0e3d-8498-33a6e7f05158/pr_source.jpg/392x696bb.jpg, https://is4-ssl.mzstatic.com/image/thumb/Purple118/v4/3c/e6/bd/3ce6bd80-1e98-65a0-99be-a8f7e0059cff/pr_source.jpg/392x696bb.jpg","iPadMiniRetina-iPadMiniRetina, iPhone5c-iPhone5c, iPodTouchSeventhGen-iPodTouchSeventhGen, iPodTouchSixthGen-iPodTouchSixthGen, iPhone5s-iPhone5s, iPadProSecondGenCellular-iPadProSecondGenCellular, iPadMini3Cellular-iPadMini3Cellular, iPadPro97-iPadPro97, iPad612-iPad612, iPhone8Plus-iPhone8Plus, iPad611-iPad611, iPadAir2Cellular-iPadAir2Cellular, iPhone7-iPhone7, iPhoneXR-iPhoneXR, iPadAir3-iPadAir3, iPadProFourthGen-iPadProFourthGen, iPad834-iPad834, iPhoneSE-iPhoneSE, iPadProCellular-iPadProCellular, iPhoneSESecondGen-iPhoneSESecondGen, iPadPro-iPadPro, iPad72-iPad72, iPad856-iPad856, iPadMini5-iPadMini5, iPadMini3-iPadMini3, iPhoneXSMax-iPhoneXSMax, iPadMiniRetinaCellular-iPadMiniRetinaCellular, iPadProFourthGenCellular-iPadProFourthGenCellular, iPadPro97Cellular-iPadPro97Cellular, iPhone8-iPhone8, iPhoneX-iPhoneX, iPad812-iPad812, iPhone11-iPhone11, iPadSeventhGenCellular-iPadSeventhGenCellular, iPad74-iPad74, iPhoneXS-iPhoneXS, iPadMini4-iPadMini4, iPad878-iPad878, iPadSeventhGen-iPadSeventhGen, iPhone5-iPhone5, iPadFourthGen4G-iPadFourthGen4G, iPadAir2-iPadAir2, iPhone6s-iPhone6s, iPad73-iPad73, iPad76-iPad76, iPadAir3Cellular-iPadAir3Cellular, iPhone6Plus-iPhone6Plus, iPadMini4Cellular-iPadMini4Cellular, iPadAirCellular-iPadAirCellular, iPad75-iPad75, iPhone7Plus-iPhone7Plus, iPhone11ProMax-iPhone11ProMax, iPadFourthGen-iPadFourthGen, iPadProSecondGen-iPadProSecondGen, iPhone6-iPhone6, iPadMini5Cellular-iPadMini5Cellular, iPad71-iPad71, iPhone11Pro-iPhone11Pro, iPadAir-iPadAir, iPhone6sPlus-iPhone6sPlus",,False,,software,WorkIt For United Voice,EN,50085888,,4+,5.0,1,5.0,https://apps.apple.com/us/app/workit-for-united-voice/id1272207436?uo=4,4+,1272207436,WorkIt For United Voice,2018-01-11T03:33:53Z,6012,Free,Lifestyle,True,10.0,Organization United For Respect At Walmart (Our Walmart),2018-11-12T23:47:49Z,Updated registration process,6012,USD,"United Voice WorkIt is an app that provides United Voice members with answers to any workplace questions they have. Workers have direct access to the knowledge and information they need to be informed about their rights and entitlements - regardless of whether they’ve just clocked off at 2am, or about to walk into a meeting with management.
 
United Voice WorkIt has been trained on company policies, enterprise agreements, awards, and state and federal laws – so simply type in a question, and you’ll get the answer relevant to you (based on whether you’re casual or permanent, which department you work in, and who your direct employer is).
 
With United Voice WorkIt, users can access: 

Instant information. WorkIt empowers members by giving them access to instant, accurate information about their workplace – no matter where they are or what time it is, all through a simple chat interface or through searchable archives of previously asked questions
A community of peers. People are able to safely and securely chat in the chat rooms, helping to strategise around solutions, share knowledge and connect with others in their workplace
Alerts and news bulletins. Get up to date information on agreements, workplace changes, and United Voice events through your in app news section and push notifications

If you like WorkIt, please rate the app, like and share on Facebook and Instagram!",1180122117,Organization United for Respect at Walmart (Our Walmart),Lifestyle,0.0,org.workit.unitedvoice,3.1.0,software,1
